horizon,r2_manifold,r2_var,nrmse_manifold,nrmse_var,n_engines
1,0.9175781461776906,0.9742783646382186,0.17276957638071158,0.09651512285085714,20
2,0.9184119416688404,0.9631120493336275,0.17341407242048817,0.11660396074558639,20
3,0.9049273719826855,0.9375285043946195,0.19195719129995512,0.15560286495885722,20
4,0.911662069213552,0.9391011034154946,0.18351502087297017,0.1523711404960851,20
5,0.8879657297904596,0.9171740031193317,0.2070000275812626,0.17798290641530148,20
6,0.9071392394225595,0.9248636902609952,0.18569544509798272,0.16703599310570394,20
7,0.8972468486101419,0.9121648333478158,0.19425982703342093,0.17960550229787886,20
8,0.8968942559813379,0.913455389364557,0.19794373709283478,0.1813511647522214,20
9,0.8817288738936624,0.895057363931501,0.21522700922484334,0.20273717443463213,20
10,0.8800781055930403,0.8865568581809874,0.21509123816681225,0.2092004441648895,20
11,0.8779138307008185,0.8843727714865227,0.21866262194022276,0.21279987859282826,20
12,0.8752918345708873,0.8831288350329649,0.22031067721869485,0.21327590172288358,20
13,0.8638309673643418,0.8705572542986741,0.2309055311482211,0.22513033539581037,20
14,0.8633048660029687,0.8665390602978167,0.2308094669767668,0.22806265702512032,20
15,0.86046260595695,0.8682623258142361,0.23181662164984662,0.22524453582690204,20
16,0.8434862597171651,0.8610781423302252,0.24926935226689179,0.23484317386101683,20
17,0.8449615873196079,0.8571394702011043,0.24481304426555098,0.23500171188997837,20
18,0.8446361234287458,0.8578905193181383,0.24535817464245988,0.23465890172259843,20
19,0.8222354584114476,0.8410499911111956,0.26316855639471964,0.24885232794942744,20
20,0.8220988342823324,0.8521416606220664,0.26349248405757636,0.2402158982317401,20
21,0.8156971610688855,0.8390384476583834,0.2695388096132569,0.251893156969516,20
22,0.8229539267566858,0.8427200612592176,0.2571608003648835,0.24238083930255705,20
23,0.8273580983239202,0.8524580133638339,0.2577385781167391,0.23826713137065755,20
24,0.8281880037621856,0.8456327592959465,0.258662301056879,0.24517939297124372,20
25,0.827326361563592,0.8542708431557235,0.2618032105160856,0.24051112736958788,20
26,0.8175606172659675,0.8482203966104608,0.26913989759234497,0.24548530083580963,20
27,0.8073284069368628,0.8331733894395519,0.27749424251474,0.25821281703731735,20
28,0.8014495539765316,0.819160143099139,0.2800723675707038,0.26728950488877495,20
29,0.8030588488264994,0.8269317278242017,0.28099889802423716,0.26341779474480653,20
30,0.8010885919603381,0.8150702124350966,0.28088939429757837,0.2708375840847755,20
31,0.7863248102784196,0.8049035625581574,0.29283376841986203,0.2798135727787935,20
32,0.787499365959429,0.7957075122859651,0.2894613786729246,0.28381589196527707,20
33,0.787457828900297,0.810826920173513,0.2940610354311071,0.2774243601470377,20
34,0.7786648380107122,0.7883994405834761,0.3004405283004075,0.2937593620369606,20
35,0.7672380355720221,0.7854360062103755,0.31029886499551146,0.2979220188527301,20
36,0.747793049014891,0.7899672688884114,0.3271578585505327,0.29855360576194967,20
37,0.720694063027632,0.7639468111264122,0.3445220840993486,0.3167246887026942,20
38,0.7053166045026319,0.7536475914199037,0.35651998230101284,0.32597511706061616,20
39,0.6886750348889262,0.7184718742363242,0.36172933895827974,0.34398353495030054,20
40,0.6877394773563115,0.7091973974325756,0.36477344694903246,0.35201714834624875,20
41,0.6747991316448476,0.6969265767067122,0.37130474704683697,0.3584499965665544,20
42,0.6571765949663704,0.6819787490196487,0.37798987817039237,0.3640600372266895,20
43,0.6350222131493819,0.6765246392824007,0.39318479784765736,0.3701554124706805,20
44,0.617808379966747,0.6625558948475103,0.3996080198196326,0.3754866824245301,20
45,0.563545971297446,0.6150473163982839,0.42002229871522306,0.3944634510248547,20
46,0.5652535641582366,0.6236398930975642,0.42665996932999123,0.39697730063842024,20
47,0.5517691580575885,0.6336185764392543,0.43941268141587303,0.39727244316746824,20
48,0.5355433888786658,0.617115861320261,0.44503266319623175,0.40406664394516695,20
49,0.500685476650293,0.5810170287536909,0.4580038750957838,0.4195466323935461,20
50,0.5014230222046633,0.5766107478993565,0.4601557213421893,0.42404176193375887,20
51,0.4866500643812909,0.5445431702319427,0.47194769922656676,0.444539878757936,20
52,0.495884037741563,0.5297374532393957,0.4713525298775121,0.4552509005898958,20
53,0.47149394238796216,0.5121278865791845,0.4808368050991274,0.46198270293727295,20
54,0.45156836056150895,0.5032677800750973,0.4878331364341436,0.4642706305903066,20
55,0.4408428141737055,0.4852093500891371,0.49536777773980484,0.4753090937807218,20
56,0.4143610094841592,0.47368925326725786,0.5106248213889438,0.48406986733925506,20
57,0.3777863364281997,0.4693423036935901,0.5303793535630448,0.4898059668277285,20
58,0.35493763589291083,0.4500613093512118,0.5447130790509817,0.502949162035608,20
59,0.3224840267892002,0.41062237951670055,0.5604624259565436,0.5227373760072862,20
60,0.3042539928074567,0.39010156920144556,0.5760509716759497,0.5393420855780466,20
61,0.27269142828985093,0.38336734990535626,0.6011669433770503,0.5535399842790509,20
62,0.2415251058736283,0.36907306606922374,0.6138986117684426,0.559906591284846,20
63,0.2335001606804762,0.35129496874293076,0.6297122533722066,0.5793082898265356,20
64,0.22209822658006373,0.3444832382089532,0.6431837959836784,0.5904248315104212,20
65,0.18076490859436134,0.3196555601003216,0.6656480038363177,0.606603316666107,20
66,0.15985197119957562,0.29164259646108215,0.6781764183619884,0.6227173938364456,20
67,0.11477972021017102,0.26375400473502364,0.7017808258096654,0.6400107865812478,20
68,0.08555524366880063,0.2596622430556318,0.7212247425200604,0.6489434148282245,20
69,0.062483157623740015,0.252238325580066,0.7351924571555318,0.6565882469370834,20
70,0.035156313457535115,0.24131144191000864,0.7615002189313315,0.6752635693706879,20
71,-0.002993949792028161,0.23356762690198551,0.7906460062925632,0.6911460736424363,20
72,-0.03378130117345468,0.22718239282356556,0.8099343225170637,0.700283625053612,20
73,-0.0715904730125787,0.20682838055595765,0.8330562807716956,0.7167100663573032,20
74,-0.10875769055316087,0.2029437098069895,0.8549833273917788,0.7249095479673587,20
75,-0.15142120586885421,0.19278097890746104,0.882252010813798,0.7387053400537696,20
76,-0.19110709840782691,0.1625174245634683,0.910798462523391,0.7637210700523996,20
77,-0.24459066005048324,0.13449413884840267,0.9382942554314463,0.7824575677183522,20
78,-0.3180202563069514,0.09358120320648478,0.9727099451052307,0.8066530222461752,20
79,-0.4027958992734926,0.05968557621515247,1.005252701691358,0.8230278932020161,20
80,-0.4582403724360775,0.0006868852383078439,1.038003136332126,0.8592803893164888,20
81,-0.654895212255223,-0.24673266032527974,1.0332262912565433,0.8968026175972064,19
82,-0.705318978079978,-0.2845037990221635,1.0573713366973392,0.9176824310456838,19
83,-0.7401998377863213,-0.2747085188821259,1.08511047237768,0.9287093908933524,19
84,-0.8192204153485114,-0.3220110138819845,1.121509534245705,0.9560439248717175,19
85,-0.7868237277466934,-0.2880440484444271,1.1471136338444954,0.9739371763255302,19
86,-0.8250887736898931,-0.32428062843066185,1.1703293136564674,0.9969103372787982,19
87,-0.8936010534893424,-0.35733428479254914,1.2163035047273243,1.0297721077019926,19
88,-0.9289013646355595,-0.381199181264984,1.2467374903097523,1.0549895678411343,19
89,-0.9784645193052932,-0.4003726945480799,1.2828331733530596,1.079264434717327,19
90,-0.9897033731892959,-0.4067674564466559,1.29626830456456,1.0899633385573784,19
91,-1.0183380679370355,-0.4227263165558488,1.3196547210242346,1.1079599000644373,19
92,-1.065135022197465,-0.44474581041373495,1.3431945397586769,1.1234672415070404,19
93,-0.9921966159482989,-0.4679988993680586,1.323789881068682,1.1363596988641953,18
94,-1.0646340777926802,-0.5364170319045427,1.3433888903594762,1.1588701144849514,18
95,-0.9958186332867933,-0.5760538456482587,1.2736514186519394,1.131815331864182,16
96,-1.027664177178766,-0.6165379380756222,1.290493687475822,1.1522608889830255,16
97,-1.0701999013412893,-0.6104875167274966,1.3205492562261176,1.1647350495666475,16
98,-1.0871983760073043,-0.852340521352275,1.2650229968578086,1.1917275249194943,15
99,-1.1230788369948237,-0.8815583520134287,1.2858346280986848,1.210489153763112,15
100,-0.8905010165406309,-0.8835025795384903,1.1702790440212556,1.168110910309407,14
101,-1.1615637113859028,-1.3927544978237871,1.1628171375257563,1.223422530019858,13
102,-1.204696403085046,-1.3455927650794877,1.1981057869407494,1.235796826907344,13
103,-1.2227105647168859,-1.3251781539102145,1.219422570098535,1.2472137471684586,13
104,-1.3003408494406932,-1.4131795186405811,1.2392573003506775,1.2692880913740137,13
105,-1.3149306821322893,-1.4154507500203404,1.2664141665837896,1.2936174281278705,13
106,-1.3644667763091047,-1.4576763084591318,1.3047967415364334,1.3302663239940273,13
107,-1.41625664094922,-1.492122746119648,1.3399641718884734,1.3608378198848181,13
108,-1.4546848102085614,-1.5130689948364995,1.37449471340266,1.390744695773181,13
109,-1.5045685950351837,-1.533507296570158,1.404500982938841,1.4125917381845718,13
110,-1.5325690130367584,-1.6107624144572417,1.4258481756403147,1.4476924710214452,13
111,-1.5838427772381567,-1.6666618488269358,1.4496715750828268,1.4727212564736427,13
112,-1.7475052041860177,-1.9123953843478492,1.4708923794984397,1.5143867569407181,13
113,-1.8568764630147507,-1.9026495189554646,1.4624632109485955,1.474132494362426,12
114,-1.858745378604591,-1.9240478364773104,1.4860280273852622,1.502904896577479,12
115,-1.5776343822129397,-2.1336256115402694,1.4053202179190671,1.5494879044179886,11
116,-1.7668774415214767,-2.4237166476625625,1.3269851954126226,1.4761144228630858,10
117,-2.256518924326721,-3.731272410858243,1.2609255346197412,1.51985309925931,9
118,-2.3151949296207452,-3.912568172915197,1.28048933872311,1.5587473468618198,9
119,-2.285669317054315,-3.9149717085042264,1.3045402350835358,1.5955340005679384,9
120,-2.2777079602941277,-3.879990480284616,1.3296995931421751,1.6224745579252549,9
121,-2.25623595875601,-3.9026844702010655,1.3523687809634828,1.65941180175223,9
122,-2.2992285997958213,-3.914784783968188,1.3824665588225955,1.687332544535692,9
123,-2.285032343412514,-3.8551803089282837,1.4127933339068197,1.7175583246809312,9
124,-2.3805531157373623,-3.9596540948868624,1.4495056539004991,1.7557057270028549,9
125,-3.5944860417817646,-5.472531604318004,1.4416819042126847,1.711149949933826,8
126,-3.668282584622432,-5.518962788158564,1.4780759512243544,1.74665621405673,8
127,-3.8067741600083354,-5.5918740314550135,1.5196277319109015,1.7795688752333487,8
128,-3.9224121188102705,-5.769083119078125,1.5599477843544014,1.829304486042118,8
129,-3.9966083619550936,-5.664133212858742,1.6108725317410026,1.8603529863817312,8
130,-3.9964115270823077,-5.625324464711679,1.6573564885279877,1.908492282390887,8
131,-4.059471887790217,-5.724259005292381,1.687731506241438,1.9456870163553135,8
132,-4.110800023891775,-5.8604444922187495,1.708714301773712,1.979707998680625,8
133,-4.164178804079233,-5.890011199042692,1.7367337988843823,2.006053839885048,8
134,-4.25511953192777,-5.934116009447946,1.7766805273511708,2.040861789769896,8
135,-4.365165188567688,-6.161598354014854,1.7994273676535746,2.0789677517101453,8
136,-4.491644109269208,-6.179188608287728,1.8533316688323884,2.1190423483417327,8
137,-4.58036127444228,-6.2752943871718045,1.8708810799166595,2.13619212910943,8
138,-4.766581612812474,-6.434950026329041,1.9064074366079917,2.164689093022819,8
139,-4.780077926324933,-6.0391400399451864,2.008562221469749,2.2165536411144964,7
140,-4.972624275886889,-6.17204820474069,2.0566303793161627,2.253695559660103,7
141,-5.301018275455065,-6.690844772306957,2.0121601687142823,2.22302425426992,6
142,-5.25377355734629,-6.740530852470025,2.04454708841838,2.274633413204331,6
143,-5.538175867981134,-7.1705927845626505,2.0641770936421944,2.307519810721136,6
